topic,mode,model,latency,n_steps,tool_errors,stop_reason,correctness,groundedness,completeness,coverage_of_required_fields,source_consistency,rubric,evaluator_comment
Agentic AI for customer support,baseline,openai/gpt-5-mini,17.881505012512207,1,0,baseline_answer_generated,5,3,5,5,1,3.8,"Ответ корректно и полно описывает тему, подходы, приложения и ограничения agentic AI для службы поддержки. Формулировки согласуются с известными принципами (план‑действие‑рефлексия, tool use, многoагентные системы, безопасность и т.д.), однако конкретные утверждения остаются обобщёнными и не подкреплены ссылками на конкретные публикации или эмпирические данные — поэтому groundedness ниже. Также в разделе «Источники» указано пустое поле ([]) — это делает согласованность источников низкой."
Agentic AI for customer support,agent,openai/gpt-5-mini,20.929829835891724,5,0,final_answer_generated,5,5,5,5,5,5.0,"Ответ корректно и последовательно синтезирует информацию из предоставленных источников: определение темы, основные подходы, ключевые работы с годами и вкладами, приложения, ограничения и список источников. Все утверждения соответствуют метаданным и абстрактам (включая точные выводы из Brynjolfsson et al. 2025 и Huang & Rust 2023). Единственное заметное ограничение — обрыв в разделе ""Ограничения (и риски)"" на последней строке (незавершённое предложение), но это не влияет существенно на качество содержания."
Agentic AI for customer support,agent_evaluator,openai/gpt-5-mini,23.352391958236694,6,0,final_answer_generated,5,5,4,5,5,4.8,"Ответ корректно и обоснованно описывает понятие agentic AI для поддержки клиентов, перечисляет основные подходы, приложения и ключевые работы, при этом данные по статьям согласуются с приведёнными метаданными и абстрактами. Немного не хватает деталей по эмпирическим доказательствам для некоторых упомянутых работ (у нескольких записей абстракт отсутствует и это было отмечено), поэтому полнота чуть ниже максимума."
Graph RAG for enterprise knowledge systems,baseline,openai/gpt-5-mini,24.255956888198853,1,0,baseline_answer_generated,5,4,5,5,2,4.2,"Ответ технически корректен, полно охватывает ключевые подходы, применения и ограничения Graph-augmented RAG для корпоративных систем знаний. Оценка groundedness снижена из-за обобщённого уровня без конкретных эмпирических данных или примеров реализации; source_consistency низкая, поскольку в разделе 'Источники' нет референсов или ссылок — автор утверждает наличие ориентировых работ, но не приводит конкретных источников."
Graph RAG for enterprise knowledge systems,agent,openai/gpt-5-mini,19.509455919265747,5,0,final_answer_generated,4,4,4,4,4,4.0,"Ответ в целом корректен и хорошо согласуется с приведёнными источниками: структура тем, перечисленные подходы и выбранные работы соответствуют метаданным (Gao et al. 2023, Zep 2025, Aluso & Enyejo 2024, KNIME 2009 и запись 2026). Пункты про граф-усиленную навигацию, гибридное векторно-графовое извлечение и временные KG отражают адекватные современные направления. Понижаю оценки на единицу из-за двух моментов: (1) для некоторых упомянутых работ (особенно Rakuljic Feldt & Hellström, 2026) в источниках нет абстракта/подтверждённого содержания, но в тексте приписан конкретный вклад без явной оговорки; (2) ряд технических утверждений (например процентные улучшения и детали ACRIE/Graphiti) выглядят как выводы из статей, требующие прямой проверки в полном тексте. В целом ответ информативен и правдоподобен, но местами требует явной ссылочной верификации."
Graph RAG for enterprise knowledge systems,agent_evaluator,openai/gpt-5-mini,35.68731427192688,6,0,final_answer_generated,4,4,3,4,4,3.8,"Ответ в целом корректно описывает концепцию Graph RAG и основные подходы (классический документный RAG, KG-enhanced RAG, temporal KG, гибриды, модульный pipeline) и ссылается на релевантные источники из списка. Утверждения в основном соответствуют предоставленным метаданным (Gao 2023, Zep 2025, Aluso & Enyejo 2024, KNIME 2009). Две оговорки: 1) некоторые формулировки выглядят слегка уверенными относительно доказательной силы работ 2024–2026 (например «частично подтверждается» и конкретные преимущества Zep) — это допустимо при опоре на аннотации, но требует более осторожной пунктуации, поскольку полные тексты не приведены; 2) упоминание Feldt & Hellström (2026) содержит прямо указание на отсутствие аннотации, поэтому вклад процитирован минимально — здесь ответ правильно отметил ограниченность, но затем всё же включил её в список ключевых работ без деталей. Оценки по критериям отражают хорошую согласованность с источниками и адекватное покрытие темы, но не полную полноту (например, конкретные архитектурные схемы, примеры реализации и эмпирические метрики приведены фрагментарно)."
LLM evaluation and process-aware metrics,baseline,openai/gpt-5-mini,17.4447660446167,1,0,baseline_answer_generated,4,3,4,4,1,3.2,"Ответ в целом корректно и логично описывает тему, ключевые подходы, метрики process-aware и возможные приложения; охватывает большинство релевантных аспектов и ограничения. Однако некоторые пункты остаются высокоуровневыми и без конкретных метрик/формулировок (см. недостаточную детализацию в разделах измерений и верификации), поэтому полнота не максимальна. Groundedness снижена из‑за отсутствия ссылок на конкретные эмпирические исследования или подтверждающие данные — утверждения в основном концептуальные. Поле источников пустое (источник не указан), отсюда низкая согласованность с источниками."
LLM evaluation and process-aware metrics,agent,openai/gpt-5-mini,17.56490182876587,5,0,final_answer_generated,4,5,4,5,5,4.6,"Ответ в целом корректен, хорошо согласуется с перечисленными источниками и охватывает ключевые подходы и вклад указанных работ. Описание основных идей (MultiMedQA и human-eval в Singhal et al.; fine-level объяснения и типологии ошибок в Xu et al.; процесс-ориентированные метрики и ToolGen в Wang et al.; двухшаговый retrieval в Long et al.) соответствует метаданным источников. Небольшие замечания: пара утверждений имеют обобщённый характер без детальной верификации (например, формулировки про ""dependency-based metrics"" и перечисление конкретных названий метрик в Wang et al. корректны по сути но требуют проверки в полном тексте), и один из элементов списка (Xu et al., 2025) повторяет и расширяет работу 2023 года — это указано, но год 2025 для IEEE TKDE следует воспринимать как заявленный в источниках. В сумме ответ хорошо подготовлен для обзора, но при использовании в формальной публикации рекомендуется проверить точные формулировки и цитаты в полных текстах статей."
LLM evaluation and process-aware metrics,agent_evaluator,openai/gpt-5-mini,21.943572998046875,6,0,final_answer_generated,4,4,4,4,4,4.0,"Ответ в целом корректен, логично структурирован и соответствует обсуждаемой теме — потребности процессно-ориентированных метрик для оценки LLM в кодогенерации и reasoning. Приведены релевантные подходы и ключевые работы с указанием вкладов и ссылок. Замечания: некоторые ссылки/годовые атрибуции выглядят слегка спорными (например, повторяющиеся работы Xu 2023/2025 — возможно, это вариации/расширения, но это не полностью объяснено), и ряд утверждений о методах (например, конкретные названия метрик у Wang et al. 2025 или детали ToolGen) требуют проверки по оригинальным статьям. В целом ответ хорошо обоснован, но местами нуждается в точной верификации деталей и явном разграничении между опубликованными (2023/2024) и предположительно будущими/2025 работами."
Tool-using language models in scientific search,baseline,openai/gpt-5-mini,32.66576385498047,1,0,baseline_answer_generated,5,4,5,5,2,4.2,"Ответ корректно и полно описывает направление, подходы, применения и ограничения; формулировки соответствуют современным представлениям о tool-using LLMs и RAG. Groundedness снижена на пункт за отсутствие конкретных ссылок и местами обобщённый тон (например, заявления про распространённость подходов без конкретных данные). Source_consistency низкая, поскольку в разделе «Источники» нет заполненных ссылок и в тексте указано опущение конкретных библиографических данных; это делает невозможной проверку конкретных утверждений по приведённым источникам."
Tool-using language models in scientific search,agent,openai/gpt-5-mini,20.830963850021362,5,0,final_answer_generated,5,5,4,5,5,4.8,"Ответ корректен и хорошо основан на перечисленных источниках: даёт точное определение, описывает подходы, приложения и ограничения, а также связал релевантные работы с темой. Единственный небольшой недостаток — завершение секции «Ограничения» оборвано (неполное предложение), и можно было бы добавить явные ссылки на конкретные исследования по tool-using LLM или более явную критику рисков и оценку доказательств."
Tool-using language models in scientific search,agent_evaluator,openai/gpt-5-mini,24.051059246063232,6,0,final_answer_generated,4,4,3,4,5,4.0,"Ответ в целом корректен и логично связывает концепт tool-using LLM с приведёнными источниками (SciPy, PHENIX, Coot, ImageJ, обсуждение этики). Утверждения об общих подходах и приложениях обоснованы и соответствуют содержимому ссылок, но часть формулировок остаётся несколько обобщённой и эвристической (нет конкретных примеров реализации tool-using LLM или прямых исследований по этой точной теме в источниках). Наконец, список ключевых работ релевантен и правильно отражает вклад каждой работы в контекст интеграции LLM с научными инструментами."
Retrieval-augmented generation in medicine,baseline,openai/gpt-5-mini,16.389495134353638,1,0,baseline_answer_generated,5,4,4,5,2,4.0,"Ответ корректно и последовательно описывает концепцию RAG, основные подходы, ключевые работы (в тематическом виде), приложения в медицине и ограничения. Информация в целом обоснована и полно охватывает требуемые разделы. Понижение groundedness на один балл связано с тем, что некоторые техничес деталей и утверждений не сопровождаются конкретикой или эмпирическими данными. Низкая оценка source_consistency (2) обусловлена отсутствием перечисленных конкретных источников или ссылок в разделе «Источники» (пустой список), что затрудняет проверку утверждений и привязку к конкретным публикациям."
Retrieval-augmented generation in medicine,agent,openai/gpt-5-mini,18.484871864318848,5,0,final_answer_generated,5,5,4,4,5,4.6,"Ответ корректно и последовательно отражает содержание переданных источников: даёт верное определение RAG в медицине, описывает основные подходы (vanilla RAG, i-MedRAG, комбинирование корпусов/ретриверов, toolkits) и перечисляет ключевые работы с точными годами и вкладами, соответствующими референсам. Минус за неполное завершение раздела «Ограничения» (обрыв текста) и за отсутствие некоторых деталей по реализации/оценкам (например, числовые результаты и методология приведены для двух работ, но могли бы быть чуть полнее для третьей). В целом ответ хорошо привязан к источникам и охватывает основные требуемые поля."
Retrieval-augmented generation in medicine,agent_evaluator,openai/gpt-5-mini,25.430559158325195,6,0,final_answer_generated,5,5,4,4,5,4.6,"Ответ корректен и хорошо связан с приведёнными источниками: основные идеи RAG, описанные подходы (классический RAG, итеративный i‑MedRAG, комбинирование ретриверов, агентные расширения) соответствуют референсам. Перечислены ключевые работы 2024 года, их вклад и результаты (MIRAGE, MedRAG, i‑MedRAG, ортопедическая эмпирика) адекватно отражают аннотации/абстракты в списке источников. Недостатки: мог бы быть чуть более подробный блок ограничений (риски, валидация, регуляторика, приватность, оценка безопасности) и яснее указаны методологические ограничения отдельных работ; в разделе «3–5 ключевых работ» все три работы описаны, но ссылка на объём вычислений («≈1.8 трлн токенов») и некоторые цифры взяты из абстрактов — это корректно, однако для полноты стоило бы отметить ограничения доступа к данным и подробности выборок в самих статьях."
Planning and reflection in LLM agents,baseline,openai/gpt-5-mini,14.850005149841309,1,0,baseline_answer_generated,4,3,4,4,1,3.2,"Ответ в целом корректно и полно описывает основные подходы, применения и ограничения planning и reflection в LLM-агентах. Присутствуют небольшие неточности/обобщения (например, терминология feedback neural networks и её прямое применение к LLM не детализирована; некоторые утверждения не разделяют чётко эмпирические результаты и предположения). Обоснованность низкая из‑за отсутствия ссылок или конкретных источников (поле 'Источники' пустое и примечание об опущении ссылок снижает проверяемость). В целом полезный обзор, но требует ссылочной поддержки и уточнения некоторых технических деталей."
Planning and reflection in LLM agents,agent,openai/gpt-5-mini,26.32342505455017,5,0,final_answer_generated,5,5,4,5,5,4.8,"Ответ корректно и обоснованно описывает тему planning и reflection в LLM-агентах, перечисляет ключевые подходы и связывает их с представленными источниками. Приведённые ключевые работы соответствуют списку источников и адекватно раскрыты. Единственная небольшая недоработка — обрыв в разделе «Возможные приложения» (текст оборвался на «Автоном»), из-за чего описание приложений не полностью завершено."
Planning and reflection in LLM agents,agent_evaluator,openai/gpt-5-mini,25.41188097000122,6,0,final_answer_generated,5,5,4,5,5,4.8,"Ответ корректно и последовательно описывает концепции planning и reflection в LLM-агентах, перечисляет основные подходы и связывает их с приведёнными источниками. Приведённые ключевые работы соответствуют списку источников и правильно охарактеризованы по вкладу. Единственное замечание по полноте: секция «Возможные приложения» обрезана и не завершена — стоило бы закончить перечень применений и добавить краткие выводы/ограничения."
Human-in-the-loop AI systems,baseline,openai/gpt-5-mini,19.29112195968628,1,0,baseline_answer_generated,5,4,4,5,2,4.0,"Ответ корректно и последовательно описывает концепцию HITL, основные подходы, приложения и ограничения; охватываются ключевые поля, формат и структура ясны. Утверждения в целом обоснованы общепринятыми знаниями, но раздел «3) ключевые работы» и «6) использованные источники» слишком общие и не содержат конкретных ссылок или доказательной привязки, поэтому groundedness немного снижена. Низкая оценка source_consistency отражает отсутствие конкретных источников/ссылок и пустой список в конце, что затрудняет проверку заявлений."
Human-in-the-loop AI systems,agent,openai/gpt-5-mini,23.23684597015381,5,0,final_answer_generated,5,5,4,5,5,4.8,"Ответ корректно отражает содержание предоставленных источников, адекватно связывает ключевые подходы и примеры приложений с упомянутыми работами. Краткие описания пяти ключевых работ соответствуют метаданным и абстрактам: замечания по ограниченности информации (где абстракты отсутствуют) указаны. Единственное заметное упущение — можно было бы чуть подробнее указать конкретные методики или количественные результаты для Yang et al. и Gill et al., но это ограничено доступными в источниках данными; в целом ответ полный и согласованный с предоставленными источниками."
Human-in-the-loop AI systems,agent_evaluator,openai/gpt-5-mini,31.325655221939087,6,0,final_answer_generated,5,5,4,5,5,4.8,"Ответ корректно отражает содержание перечисленных источников и даёт адекватные определения и классификацию подходов HITL (соответствует абстракту Mosqueira-Rey et al. 2022 и другим метаданным). Включённые ключевые работы соответствуют приведённому списку и аннотации источников. Единственное небольшое упущение — последняя строка описания пятой работы обрывается и не завершена; также для двух работ указаны пустые абстракты в метаданных, и в ответе это отмечено, но можно было бы яснее указать ограничения выводов по ним. В остальном ответ полон, уместен и связан с источниками."
Knowledge graphs for procedural reasoning,baseline,openai/gpt-5-mini,24.94098997116089,1,0,baseline_answer_generated,4,3,4,4,1,3.2,"Ответ хорошо сформулирован, последователен и охватывает ключевые аспекты темы: определение, подходы, важные работы, приложения и ограничения. Тезисы в основном корректны и отражают современные направления (символьные и нейро-символические методы, интеграция с планировщиками, извлечение из текста). Недостаток — отсутствие конкретных ссылок и явных источников (раздел «Использованные источники» не заполнен, поле 'Источники: []'), поэтому оценка groundedness и source_consistency снижена. Также можно было бы добавить несколько конкретных примеров работ/авторов и более явные технические детали по форматам представления и методам извлечения."
Knowledge graphs for procedural reasoning,agent,openai/gpt-5-mini,19.796308994293213,5,0,final_answer_generated,4,4,3,4,5,4.0,"Ответ в целом корректен и хорошо соотнесён с перечисленными источниками: адекватно описаны task analysis, дифференцируемый интерпретатор и связь с XAI и учебными лабораториями. Оценка 4 по correctness потому, что утверждение о том, что в предоставленных источниках нет прямых работ, связывающих KG и procedural reasoning — правдоподобно, но могло бы быть более осторожным (в литературе есть дополнительные релевантные работы вне списка). Groundedness 4 — выводы опираются на реальные источники, но часть утверждений носит обобщающий характер и не всегда подкреплена конкретными цитатами из приводимых работ. Completeness 3 — отсутствуют более конкретные архитектуры, примеры формализаций KG для процедурного рассуждения и возможные ограничения/проблемы; ответ ограничивается высокоуровневой картиной. Coverage_of_required_fields 4 — перечислены ключевые подходы, ключевые работы и ссылки; однако не представлены методы верификации, метрики или подробные примеры применения. Source_consistency 5 — перечисленные выводы соответствуют перечисленным источникам и нет явных несоответствий."
Knowledge graphs for procedural reasoning,agent_evaluator,openai/gpt-5-mini,24.726184844970703,6,0,final_answer_generated,5,5,4,5,5,4.8,"Ответ корректно и аккуратно связывает представленные источники с темой 'knowledge graphs for procedural reasoning'. Утверждения соответствуют содержанию перечисленных работ (Jonassen et al., Psillos & Niedderer, Bošnjak et al., Arrieta et al.). Единственное заметное упущение — краткость в разделе 'Возможные приложения' (обрыв предложения в конце и можно было бы добавить конкретные ограничения и открытые проблемы), поэтому оценка полноты чуть ниже максимальной."
